{"count":1,"self":1021.1691519999999,"total":6580.3040010999994,"children":{"InitializeActuators":{"count":100,"self":0.0025025,"total":0.0025025,"children":null},"InitializeSensors":{"count":100,"self":0.0034969,"total":0.0034969,"children":null},"AgentSendState":{"count":6856968,"self":37.6548096,"total":147.9110743,"children":{"CollectObservations":{"count":3740150,"self":10.4676712,"total":10.467671,"children":null},"WriteActionMask":{"count":3740150,"self":11.2475224,"total":11.2475226,"children":null},"RequestDecision":{"count":3740150,"self":19.0331616,"total":88.541069499999992,"children":{"AgentInfo.ToProto":{"count":3740150,"self":17.0319936,"total":69.507907899999992,"children":{"GenerateSensorData":{"count":3740150,"self":52.4759136,"total":52.4759136,"children":null}}}}}}},"DecideAction":{"count":6856968,"self":5374.0122112,"total":5374.0121917999995,"children":null},"AgentAct":{"count":6856968,"self":32.9904096,"total":37.2055374,"children":{"AgentInfo.ToProto":{"count":138516,"self":1.1816338,"total":4.2151267,"children":{"GenerateSensorData":{"count":138516,"self":3.0334928,"total":3.0334928999999997,"children":null}}}}}},"gauges":{"MLTrader.CumulativeReward":{"count":138516,"max":23.2715015,"min":-0.528,"runningAverage":0.05404053,"value":0.650750041,"weightedAverage":0.2285825}},"metadata":{"timer_format_version":"0.1.0","start_time_seconds":"1677161566","unity_version":"2021.3.3f1","command_line_arguments":"C:\\Program Files\\Unity\\Hub\\Editor\\2021.3.3f1\\Editor\\Unity.exe -projectpath C:\/Users\/Rafmoc\/Desktop\/MLTraders\/MLTraders_EngineeringWork -useHub -hubIPC -cloudEnvironment production -hubSessionId c348a590-b37f-11ed-a400-1f4dd39953f5 -accessToken 6f3GIlbfPjMh59hR6vHiIkW7PEBa9Wi_d8xWVpMYmb0007f","communication_protocol_version":"1.5.0","com.unity.ml-agents_version":"2.0.1","scene_name":"TrainingScene_50","end_time_seconds":"1677168147"}}