{"count":1,"self":74.269030399999991,"total":954.288,"children":{"InitializeActuators":{"count":540,"self":0.0040006999999999994,"total":0.0040006999999999994,"children":null},"InitializeSensors":{"count":540,"self":0.0064997,"total":0.0064997,"children":null},"AgentSendState":{"count":342117,"self":8.21238,"total":40.0898804,"children":{"CollectObservations":{"count":1007640,"self":3.4576995999999998,"total":3.4576997,"children":null},"WriteActionMask":{"count":1007640,"self":3.204808,"total":3.2048079,"children":null},"RequestDecision":{"count":1007640,"self":5.5345036,"total":25.214993099999997,"children":{"AgentInfo.ToProto":{"count":1007640,"self":4.800224,"total":19.6804894,"children":{"GenerateSensorData":{"count":1007640,"self":14.8802656,"total":14.880265399999999,"children":null}}}}}}},"DecideAction":{"count":342117,"self":832.6841856,"total":832.6841727,"children":null},"AgentAct":{"count":342117,"self":6.3299335999999995,"total":7.2339161,"children":{"AgentInfo.ToProto":{"count":37107,"self":0.2370714,"total":0.90398269999999992,"children":{"GenerateSensorData":{"count":37107,"self":0.6669113,"total":0.6669113,"children":null}}}}}},"gauges":{"MLTrader.CumulativeReward":{"count":37107,"max":33.884,"min":-0.175999984,"runningAverage":2.24272037,"value":0.043,"weightedAverage":0.657881141}},"metadata":{"timer_format_version":"0.1.0","start_time_seconds":"1669470840","unity_version":"2021.3.3f1","command_line_arguments":"C:\\Program Files\\Unity\\Hub\\Editor\\2021.3.3f1\\Editor\\Unity.exe -projectpath C:\/Users\/Rafmoc\/Desktop\/MLTraders\/MLTraders_EngineeringWork -useHub -hubIPC -cloudEnvironment production -hubSessionId 8583a450-6d7d-11ed-89b1-91969081567a -accessToken DUyVzvh0KKhfF9GeoI6bo_KodHuSxWmz1oVxN1FQjvs007f","communication_protocol_version":"1.5.0","com.unity.ml-agents_version":"2.0.1","scene_name":"TrainingScene_54","end_time_seconds":"1669471794"}}