{"count":1,"self":1368.6716416,"total":8993.1984999,"children":{"InitializeActuators":{"count":90,"self":0.0014996999999999999,"total":0.0014996999999999999,"children":null},"InitializeSensors":{"count":90,"self":0.0015000999999999999,"total":0.0015000999999999999,"children":null},"AgentSendState":{"count":10187801,"self":56.5860736,"total":220.0240599,"children":{"CollectObservations":{"count":5001273,"self":16.2952192,"total":16.2952185,"children":null},"WriteActionMask":{"count":5001273,"self":17.48536,"total":17.4853602,"children":null},"RequestDecision":{"count":5001273,"self":28.2302912,"total":129.6574081,"children":{"AgentInfo.ToProto":{"count":5001273,"self":25.166694399999997,"total":101.4271155,"children":{"GenerateSensorData":{"count":5001273,"self":76.2604224,"total":76.2604209,"children":null}}}}}}},"DecideAction":{"count":10187801,"self":7348.3247616,"total":7348.3250935,"children":null},"AgentAct":{"count":10187801,"self":50.4345632,"total":56.17417,"children":{"AgentInfo.ToProto":{"count":185125,"self":1.5858459,"total":5.7396062,"children":{"GenerateSensorData":{"count":185125,"self":4.1537603999999995,"total":4.1537603,"children":null}}}}}},"gauges":{"MLTrader.CumulativeReward":{"count":185125,"max":38.796,"min":-0.175999984,"runningAverage":2.066252,"value":-0.0379999951,"weightedAverage":1.53718078}},"metadata":{"timer_format_version":"0.1.0","start_time_seconds":"1668628098","unity_version":"2021.3.3f1","command_line_arguments":"C:\\Program Files\\Unity\\Hub\\Editor\\2021.3.3f1\\Editor\\Unity.exe -projectpath C:\/Users\/Rafmoc\/Desktop\/MLTraders\/MLTraders_EngineeringWork -useHub -hubIPC -cloudEnvironment production -hubSessionId 4f107f30-65c4-11ed-916f-835ab4ba8a92 -accessToken BFQqNsshAKY-3RuJqlpkM8QN8tXzGIE99TlOErmkTrI007f","communication_protocol_version":"1.5.0","com.unity.ml-agents_version":"2.0.1","scene_name":"TrainingScene_9","end_time_seconds":"1668637091"}}