{"count":1,"self":489.9966976,"total":5726.6855000999994,"children":{"InitializeActuators":{"count":500,"self":0.0044998999999999994,"total":0.0044998999999999994,"children":null},"InitializeSensors":{"count":500,"self":0.0149988,"total":0.0149988,"children":null},"AgentSendState":{"count":1835851,"self":43.343855999999995,"total":205.4908351,"children":{"CollectObservations":{"count":5006800,"self":16.7979904,"total":16.7979904,"children":null},"WriteActionMask":{"count":5006800,"self":15.9911488,"total":15.9911488,"children":null},"RequestDecision":{"count":5006800,"self":27.977987199999998,"total":129.3578402,"children":{"AgentInfo.ToProto":{"count":5006800,"self":24.318084799999998,"total":101.37985409999999,"children":{"GenerateSensorData":{"count":5006800,"self":77.0617728,"total":77.061769599999991,"children":null}}}}}}},"DecideAction":{"count":1835851,"self":4988.3377664,"total":4988.3377567,"children":null},"AgentAct":{"count":1835851,"self":38.1762848,"total":42.8396889,"children":{"AgentInfo.ToProto":{"count":185432,"self":1.3256393,"total":4.6634049,"children":{"GenerateSensorData":{"count":185432,"self":3.3377656,"total":3.3377656,"children":null}}}}}},"gauges":{"MLTrader.CumulativeReward":{"count":185432,"max":29.977499,"min":-0.544,"runningAverage":0.28247118,"value":1.7175,"weightedAverage":0.888152242}},"metadata":{"timer_format_version":"0.1.0","start_time_seconds":"1677104897","unity_version":"2021.3.3f1","command_line_arguments":"C:\\Program Files\\Unity\\Hub\\Editor\\2021.3.3f1\\Editor\\Unity.exe -projectpath C:\/Users\/Rafmoc\/Desktop\/MLTraders\/MLTraders_EngineeringWork -useHub -hubIPC -cloudEnvironment production -hubSessionId 4755bd90-b2f0-11ed-8f7b-35621bd9c2c9 -accessToken 01Itt8-0JGS1b1W_7w7WbiBldMWpMvdDH47JcYzY9lI007f","communication_protocol_version":"1.5.0","com.unity.ml-agents_version":"2.0.1","scene_name":"TrainingScene_50","end_time_seconds":"1677110624"}}