{"count":1,"self":1025.3641728,"total":10896.7859986,"children":{"InitializeActuators":{"count":540,"self":0.0025035,"total":0.0025035,"children":null},"InitializeSensors":{"count":540,"self":0.0134997,"total":0.0134997,"children":null},"AgentSendState":{"count":3397551,"self":101.0267904,"total":451.94552489999995,"children":{"CollectObservations":{"count":10007280,"self":39.9121056,"total":39.9121063,"children":null},"WriteActionMask":{"count":10007280,"self":35.665392,"total":35.665390699999996,"children":null},"RequestDecision":{"count":10007280,"self":59.520703999999995,"total":275.3412361,"children":{"AgentInfo.ToProto":{"count":10007280,"self":51.040553599999996,"total":215.8205329,"children":{"GenerateSensorData":{"count":10007280,"self":164.7799808,"total":164.7799795,"children":null}}}}}}},"DecideAction":{"count":3397551,"self":9313.3111295999988,"total":9313.3112564,"children":null},"AgentAct":{"count":3397551,"self":95.4688448,"total":106.14803169999999,"children":{"AgentInfo.ToProto":{"count":370512,"self":2.9756536,"total":10.6791842,"children":{"GenerateSensorData":{"count":370512,"self":7.7035304,"total":7.7035304999999994,"children":null}}}}}},"gauges":{"MLTrader.CumulativeReward":{"count":370512,"max":36.592,"min":-0.175999984,"runningAverage":2.293344,"value":2.48800015,"weightedAverage":3.24652028}},"metadata":{"timer_format_version":"0.1.0","start_time_seconds":"1669411107","unity_version":"2021.3.3f1","command_line_arguments":"C:\\Program Files\\Unity\\Hub\\Editor\\2021.3.3f1\\Editor\\Unity.exe -projectpath C:\/Users\/Rafmoc\/Desktop\/MLTraders\/MLTraders_EngineeringWork -useHub -hubIPC -cloudEnvironment production -hubSessionId 0a4e5f40-6ca7-11ed-977f-7d1003ca5ca5 -accessToken 4QO_m7RhCbpFkvtWSw4pTSMgK1dQEK3h7lQImnDJwC4007f","communication_protocol_version":"1.5.0","com.unity.ml-agents_version":"2.0.1","scene_name":"TrainingScene_54","end_time_seconds":"1669422004"}}