{"count":1,"self":393.8277888,"total":5099.6814994999995,"children":{"InitializeActuators":{"count":540,"self":0.0040000999999999995,"total":0.0040000999999999995,"children":null},"InitializeSensors":{"count":540,"self":0.0045,"total":0.0045,"children":null},"AgentSendState":{"count":1700251,"self":41.8948,"total":204.13176339999998,"children":{"CollectObservations":{"count":5007960,"self":16.2409952,"total":16.2409949,"children":null},"WriteActionMask":{"count":5007960,"self":16.207383999999998,"total":16.2073844,"children":null},"RequestDecision":{"count":5007960,"self":28.0354176,"total":129.7885839,"children":{"AgentInfo.ToProto":{"count":5007960,"self":24.5374432,"total":101.7531662,"children":{"GenerateSensorData":{"count":5007960,"self":77.21572479999999,"total":77.2157225,"children":null}}}}}}},"DecideAction":{"count":1700251,"self":4463.4558464,"total":4463.4560194999995,"children":null},"AgentAct":{"count":1700251,"self":33.3714144,"total":38.256423399999996,"children":{"AgentInfo.ToProto":{"count":185236,"self":1.3425878,"total":4.8850099999999994,"children":{"GenerateSensorData":{"count":185236,"self":3.5424224,"total":3.5424222,"children":null}}}}}},"gauges":{"MLTrader.CumulativeReward":{"count":185236,"max":29.87725,"min":-0.544,"runningAverage":0.7125971,"value":2.05775,"weightedAverage":0.470270634}},"metadata":{"timer_format_version":"0.1.0","start_time_seconds":"1677098767","unity_version":"2021.3.3f1","command_line_arguments":"C:\\Program Files\\Unity\\Hub\\Editor\\2021.3.3f1\\Editor\\Unity.exe -projectpath C:\/Users\/Rafmoc\/Desktop\/MLTraders\/MLTraders_EngineeringWork -useHub -hubIPC -cloudEnvironment production -hubSessionId 4755bd90-b2f0-11ed-8f7b-35621bd9c2c9 -accessToken 01Itt8-0JGS1b1W_7w7WbiBldMWpMvdDH47JcYzY9lI007f","communication_protocol_version":"1.5.0","com.unity.ml-agents_version":"2.0.1","scene_name":"TrainingScene_54","end_time_seconds":"1677103867"}}