{"count":1,"self":1102.5563648,"total":11719.8849995,"children":{"InitializeActuators":{"count":540,"self":0.0039981999999999995,"total":0.0039981999999999995,"children":null},"InitializeSensors":{"count":540,"self":0.0104995,"total":0.0104995,"children":null},"AgentSendState":{"count":3397551,"self":105.68325759999999,"total":472.35204269999997,"children":{"CollectObservations":{"count":10007280,"self":41.882822399999995,"total":41.8828235,"children":null},"WriteActionMask":{"count":10007280,"self":37.0799904,"total":37.0799903,"children":null},"RequestDecision":{"count":10007280,"self":62.0071296,"total":287.7059736,"children":{"AgentInfo.ToProto":{"count":10007280,"self":52.710889599999994,"total":225.69884679999998,"children":{"GenerateSensorData":{"count":10007280,"self":172.9879552,"total":172.98795869999998,"children":null}}}}}}},"DecideAction":{"count":3397551,"self":10030.1627392,"total":10030.1624515,"children":null},"AgentAct":{"count":3397551,"self":103.394624,"total":114.79819219999999,"children":{"AgentInfo.ToProto":{"count":370308,"self":3.1825555999999997,"total":11.4035697,"children":{"GenerateSensorData":{"count":370308,"self":8.2210144,"total":8.2210141999999991,"children":null}}}}}},"gauges":{"MLTrader.CumulativeReward":{"count":370308,"max":41.2460022,"min":-0.175999984,"runningAverage":2.63388848,"value":7.996,"weightedAverage":3.4455688}},"metadata":{"timer_format_version":"0.1.0","start_time_seconds":"1669583159","unity_version":"2021.3.3f1","command_line_arguments":"C:\\Program Files\\Unity\\Hub\\Editor\\2021.3.3f1\\Editor\\Unity.exe -projectpath C:\/Users\/Rafmoc\/Desktop\/MLTraders\/MLTraders_EngineeringWork -useHub -hubIPC -cloudEnvironment production -hubSessionId f7b4a0d0-6e5c-11ed-a0af-577e967ba151 -accessToken 0KERqaw5loP15_5mmU54lK8sWsbmYgPFMIIA3oAPPms007f","communication_protocol_version":"1.5.0","com.unity.ml-agents_version":"2.0.1","scene_name":"TrainingScene_54","end_time_seconds":"1669594879"}}